PlayerId,NameFirst,NameLast,CurrentHandle,CountryCode,TotalUSDPrize
3304,Johan,Sundstein,N0tail,dk,7184163.05
3822,Jesse,Vainikka,JerAx,fi,6486623.98
30451,Anathan,Pham,ana,au,6024411.96
15855,Yaroslav,Naidenov,Miposhka,ru,6011771.49
2811,Sébastien,Debs,Ceb,fr,5949442.73
18897,Topias,Taavitsainen,Topson,fi,5898810.60
70584,Magomed,Khalilov,Collapse,ru,5724111.07
70916,Ilya,Mulyarchuk,Yatoro,ua,5716736.05
71806,Miroslaw,Kolpakov,Mira,ua,5593899.05
3145,Kuro,Takhasomi,KuroKy,de,5295698.85
14671,Amer,Al-Barkawi,Miracle-,jo,4913585.26
12133,Lasse,Urpalainen,Matumbaman,fi,4873086.24
12579,Ivan,Ivanov,MinD_ContRoL,bg,4704032.25
79215,Alexander,Khertek,TORONTOTOKYO,ru,4494863.50
25335,Maroun,Merhej,GH,lb,4350887.60
2578,Clement,Ivanov,Puppey,ee,4342228.38
5195,Ludwig,Wåhlberg,Zai,se,4292756.02
26665,Chunyu,Wang,Ame,cn,4273479.27
14196,Sumail,Hassan,SumaiL,pk,4128055.98
10712,Yiping,Zhang,y`,cn,4044742.20
26513,Ruida,Zhang,Faith_bian,cn,3954981.98
17765,Michał,Jankowski,Nisha,pl,3745426.48
56483,Kyle,Giersdorf,Bugha,us,3744925.05
19074,Martin,Sazdov,Saksa,mk,3611111.18
15708,Neta,Shapira,33,il,3365479.03
10188,Yao,Lu,Somnus,cn,3311808.66
9515,Andreas,Nielsen,Cr1t,dk,3247429.18
3254,Jingjun,Wu,Sneyking,us,3202529.59
4033,Linsen,Xu,fy,cn,3159545.98
2615,Saahil,Arora,UNiVeRsE,us,3057237.67
5194,Peter,Dager,ppd,us,3029331.36
3305,Tal,Aizik,Fly,il,2884903.39
24761,Oliver,Lepko,Skiter,sk,2851493.15
3524,Gustav,Magnusson,s4,se,2749194.70
4028,Artour,Babaev,Arteezy,ca,2714369.91
2610,Clinton,Loomis,Fear,us,2564904.63
10080,Liangzhi,Hu,KaKa,cn,2548691.89
14672,Yazied,Jaradat,YapzOr,jo,2298690.64
13080,Aliwi,Omar,w33,ro,2294325.43
14833,Zixing,Zhao,XinQ,cn,2273760.44
3883,Peter,Rasmussen,dupreeh,dk,2225525.08
16814,Roman,Kushnarev,RAMZES666,ru,2207611.08
59528,David,Wang,Aqua,at,2197375.23
22207,Jian Wei,Yap,xNova,my,2146691.12
18452,Samuel,Svahn,Boxi,se,2132343.66
12229,Aydin,Sarkohi,iNsania,se,2130759.69
41267,Michael,Vu,miCKE,se,2126336.42
9514,Marcus,Hoelgaard,Ace,dk,2087817.11
3256,Kurtis,Ling,Aui_2000,ca,2073582.54
3946,Roman,Fominok,Resolut1on,ua,2063162.95
3885,Nicolai,Reedtz,dev1ce,dk,2061914.98
2452,Finn,Andersen,karrigan,dk,2059202.62
39770,Leon,Kirilin,Nine,de,2058860.94
33561,Shenyi,Yang,Chalice,cn,2040114.72
3773,Aleksey,Berezin,Solo,ru,2038081.34
14238,Peng,Li,iceice,cn,2005164.63
3679,Andreas,Højsleth,Xyp9x,dk,2003061.83
26512,Zeyu,Chu,Shadow,cn,1982030.82
42140,Jin Xiang,Cheng,NothingToSay,my,1974694.93
13323,Vladimir,Minenko,Noone,ua,1960799.78
10711,Yang,Zhou,bLink,cn,1960761.59
25047,Harrison,Chang,psalm,us,1959500.00
30573,Quinn,Callahan,Quinn,us,1947970.27
70610,Siyuan,Luo,HuaHai,cn,1941993.39
17800,Emil,Reif,Magisk,dk,1934223.63
3672,Lukas,Rossander,gla1ve,dk,1929503.03
27134,Yeik Nai,Zheng,MidOne,my,1896531.44
53093,Tyler,Pharris,aBeZy,us,1882655.68
2596,Ning,Zhang,xiao8,cn,1877518.06
60433,Bicheng,Xu,Yinuo,cn,1871202.59
15530,Damien,Chok,kpii,au,1865667.57
61948,Shane,Cotton,EpikWhale,us,1838487.32
91174,Denis,Sigitov,Larl,ru,1831224.07
32897,Christopher,Lehr,Simp,us,1830078.33
5483,Håvard,Nygaard,rain,no,1819816.24
3832,Sang Hyeok,Lee,Faker,kr,1816084.56
1949,Daryl Koh,Pei Xiang,iceiceice,sg,1812855.42
60417,Yunfei,Peng,Fly,cn,1767497.60
3168,Hongda,Zeng,Faith,cn,1764633.21
3161,Junhao,Xie,Super,cn,1764310.33
20415,Russel,Van Dulken,Twistzz,ca,1763893.10
3146,Zhihao,Chen,Hao,cn,1761674.53
3888,Dan,Madesclaire,apEX,fr,1747015.64
13322,Pavel,Khvastunov,9pasha,ru,1733385.13
8169,Oleksandr,Kostyljev,s1mple,ua,1722255.32
60467,Zhengzheng,Chen,Cat,cn,1716947.58
95069,Daheng,Li,Pang,cn,1682659.41
36617,McArthur,Jovel,Cellium,us,1674298.93
5513,Joona,Sotala,Serral,fi,1666325.57
31594,Robin,Kool,ropz,ee,1661577.41
90011,Letian,Zhong,1dao,cn,1656199.27
16267,Denis,Sharipov,electroNic,ru,1647842.01
5783,Nikola,Kovač,NiKo,ba,1636760.15
97600,Youqi,Cai,Yu,cn,1626161.52
83369,Anas,El-Abd,Anas,dk,1622990.05
21950,Yangwei,Ren,old eLeVeN,cn,1570503.07
54656,Emil,Bergquist Pedersen,Nyhrox,no,1543145.69
30452,Peng,Du,Monet,cn,1535720.98
90008,Yaoqin,Huang,QingRong,cn,1535223.32
2582,Zhicheng,Zhang,LaNm,cn,1529400.71
28739,Jiaoyang,Zeng,Ori,cn,1527561.42
75863,Magnus,Carlsen,MagnusCarlsen,no,1521051.02
72536,Michał,Kamiński,Kami,pl,1513689.20
60485,Tianlong,Wang,Alan,cn,1508589.45
26666,Lin,Jing,Xxs,cn,1508341.42
2589,Rasmus,Fillipsen,MiSeRy,dk,1505197.74
78466,Anton,Shkredov,dyrachYO,ru,1455949.60
99573,-,-,Kakeru,jp,1455614.85
31870,Alec,Sanderson,Arcitys,us,1426929.09
73128,Valeriy,Vakhovskiy,B1t,ua,1425707.70
1216,Ian,Porter,C6,us,1418092.80
3690,Adrian,Trinks,FATA,de,1410552.48
89896,Tianhao,Liu,YiZ,cn,1407681.64
4030,Chao,Lu,Fenrir,cn,1406042.25
28142,Vladimir,Nikogosyan,RodjER,am,1404636.10
97601,Yang,Fan,Fanfan,cn,1403112.86
69516,Bocheng,Zhu,paraboy,cn,1399954.36
3147,Pan,Zhang,Mu,cn,1390711.71
21640,Melchior,Hillenkamp,Seleri,nl,1382064.91
67334,Jaden,Ashman,Wolfiez,gb,1368308.07
1126,Sung Choo,Cho,Maru,kr,1356351.22
10122,Erik,Engel,tOfu,de,1354831.70
2598,Fa Ming,Liang,DDC,mo,1344720.91
51578,Williams,Aubin,Zayt,ca,1331781.42
80697,Thomas Høxbro,Davidsen,Th0masHD,dk,1330476.44
95063,Yang,Xiang,ZiYang,cn,1325717.83
77958,Zehai,Zeng,Order,cn,1321100.02
35588,Anthony,Cuevas-Castro,Shotzzy,us,1310650.00
44114,Cong,Ding,Dy,cn,1309787.36
1196,Matthew,Piper,FormaL,us,1298932.18
10629,Keith,Markovic,NAF,ca,1298682.06
89891,Heng,Lin,NuanYang,cn,1290681.49
19382,Chun,Song,Sccc,cn,1287091.81
3813,Wang,Jiao,Banana,cn,1283122.84
15511,Anucha,Jirawong,Jabz,th,1280581.39
128773,Jiahao,Chen,ZhongYi,cn,1266318.50
31001,Mathieu,Herbaut,ZywOo,fr,1259234.31
69519,Yin-Jun,Xu,Jimmy,tw,1254709.26
2455,Gabriel,Toledo,FalleN,br,1254665.79
11788,Jonathan,Jablonowski,ELiGE,us,1253096.02
48322,Jung Young,Park,Loki,kr,1245451.79
51948,Nate,Kou,Kreo,hk,1244334.74
30684,Chengjun,Zhang,Paparazi,cn,1242751.39
3801,James,Eubanks,Clayster,us,1233646.68
22135,Kenneth,Williams,Kenny,us,1230728.33
103893,Hidema,Kakinuma,kakip,jp,1228551.54
3163,Jiajun,Liu,Sylar,cn,1226897.63
113264,Chengjun,Xie,CS,cn,1225409.26
80698,Tai,Starčič,TaySon,si,1223513.70
10722,Han,Xu,Moogy,cn,1221917.10
55139,Dave,Jong,Rojo,nl,1215593.33
51883,Rocco,Morales,Saf,us,1210207.02
16800,Jakey,Yip,Stewie2k,us,1208508.91
2594,Zhaohui,Wang,SanSheng,cn,1207851.58
68955,Aleksa,Cvetkovic,Queasy,rs,1204712.10
54188,Helvijs,Saukants,broky,lv,1204432.41
51940,Davis,McClellan,Ceice,us,1202765.47
61896,Thiago,Bautista Lapp,k1nG,ar,1196325.00
49589,Ilya,Zalutskiy,Perfecto,ru,1195570.78
3620,Ryung Woo,Park,Dark,kr,1194415.22
3696,Seth,Abner,Scump,us,1193755.35
3164,Zhengzheng,Yao,Yao,cn,1192164.18
45192,Chon Kien,Chan,Oli,my,1186104.10
134344,Ming,Liu,XuanRan,cn,1180414.42
62311,Iwo,Zając,Setty,pl,1160281.81
36982,Kirill Sergeyevich,Mikhailov,Boombl4,ru,1153538.54
74016,Vitalie,Melnic,Save-,md,1145106.81
20101,Zhibiao,Ye,BoBoKa,cn,1142352.35
88909,Ammar,Al-Assaf,ATF,jo,1141564.71
57309,Danil,Skutin,gpk,ru,1121803.40
63706,Dmitry,Sokolov,sh1ro,ru,1113625.59
2581,Zengrong,Lei,MMY!,cn,1111886.25
74015,Egor,Grigorenko,Nightfall,ru,1111864.00
8635,Nicholas,Cannella,nitr0,us,1108586.23
9839,David,Tan,MoonMeander,ca,1103701.61
102465,Linwei,Sun,TanRan,cn,1098011.24
12183,Epitácio,de Melo,TACO,br,1096161.48
5221,Djardel Jicko,Mampusti,DJ,ph,1091925.12
89897,Yuhao,Li,XingYu,cn,1086350.74
12671,Bin,Fu,Q,cn,1081544.74
12169,Fernando,Alvarenga,fer,br,1078891.52
4070,Byung Ryul,Lee,Rogue,kr,1078863.80
75837,Hikaru,Nakamura,Hikaru,us,1073458.71
12182,Marcelo,David,coldzera,br,1063867.75
17200,Kuku,Palad,Kuku,ph,1063804.10
89310,Yi-en,Lin,King,tw,1062992.63
8168,Egor,Vasilyev,flamie,ru,1041856.83
22136,Dylan,Hannon,Envoy,us,1037729.16
3151,Yee Fung,Chai,Mushi,my,1028588.67
110334,Henry,Leverette,Henry,us,1028375.00
51241,Matthew,Filemon,Whitemon,id,1020261.87
91149,Danila,Yakovenko,Malibuca,ru,1016605.32
8645,Austin,Liddicoat,Slasher,us,1015583.40
30782,Timothy,Randrup,Tims,ph,1015232.55
5000,Freddy,Johansson,KRiMZ,se,1015061.90
80853,Matthew,Faitel,mero,ca,1014450.00
134660,Wang,Yuan-hao,UMA,tw,1005576.20
60390,Ryutaro,Okumoto,feg,jp,1003000.00
77473,-,-,sasamumu,tw,1000000.00
4027,Johan,Åström,pieliedie,se,994746.71
51885,Hayden,Krueger,Elevate,ca,994373.20
3522,Jacky,Mao,EternaLEnVy,ca,992684.79
38097,Preston,Greiner,Priestahh,us,992529.18
17872,Haiyang,Zhou,Yang,cn,992463.55
20234,Bradley,Bergstrom,Frosty,us,991965.00
20727,Nemanja,Kovač,huNter,ba,991400.65
1191,Paul,Duarte,SnakeBite,us,971190.00
114778,Mohamed,Tarek,Mohamed Light,eg,960808.01
6466,Ho Seong,Lee,Duke,kr,959072.51
71503,Remco,Arets,Crystallis,nl,949531.92
1208,Mathew,Fiorante,Royal 2,ca,942052.50
89916,Tao,Yang,NoFear,cn,941698.53
5001,Olof,Kajbjer,olofmeister,se,940855.42
11722,Ilya,Ilyuk,Lil,ua,940510.18
60565,Guixin,Guo,NuoYan,cn,938449.81
3875,Jesper,Wecksell,JW,se,929251.08
4998,Janusz,Pogorzelski,snax,pl,928844.12
34362,Wenbo,Yu,JackeyLove,cn,926556.68
66249,Evan,Rogez,M0nkey M00n,fr,925612.32
3636,Jun Sik,Bae,Bang,kr,915941.68
3836,Jae Wan,Lee,Wolf,kr,913167.87
40009,Philip,Dosen,ImperialHal,us,907471.09
27814,Marc Polo,Luis Fausto,Raven,ph,905759.42
56720,Seung Hoon,Cha,Pio,kr,905337.92
95065,Zhejie,Wu,ZiMo,cn,902977.28
89894,Jinxiang,Wu,QingQing,cn,902161.94
14175,Cuyler,Garland,Huke,us,901785.58
30781,Abed,Yusop,Abed,ph,900796.69
18220,David,Hull,Moo,us,899311.33
3157,Zhilei,Xu,BurNIng,cn,896625.35
75838,Wesley,So,GMWSO,us,895411.64
3878,Robin,Rönnquist,flusha,se,888552.89
66505,James,Giezen,TGLTN,au,888143.25
15103,Sam,Larew,Octane,us,886948.75
12917,Hunter,Winn,hwinn,us,877971.94
1507,Jae Dong,Lee,Jaedong,kr,876398.79
76978,Zack,Jordan,Drazah,us,876025.00
61319,Tristan,Nowicky,Shrimzy,us,875913.44
43755,Jeong-wan,Go,ESTH3R,kr,871858.71
12672,Zheng,Sun,Agressif,cn,871452.21
3290,Nathan,Schmitt,NBK,fr,870287.26
49566,Clément,Danglot,Skite,fr,870019.77
34366,Hao,Wang,N9,cn,867059.42
19133,Tobias,Jønsson,CleanX,dk,862901.87
23173,Bakyt,Emilzhanov,Zayac,kg,861284.52
85281,Harry,Pearson,Veno,gb,857928.89
25121,Abay,Khassenov,HObbit,kz,856161.12
3881,Richard,Papillon,shox,fr,854303.99
3586,Artsiom,Barshak,fng,by,853120.41
40762,Nicolas,Villalba,Nicolas99FC,ar,851431.49
17101,Yuanhao,Li,Xiaohu,cn,850114.07
63544,Jannis,Matwin,JannisZ,de,846713.18
45190,Jun Wen,Thiay,JT-,my,844446.32
3693,Damon,Barlow,Karma,ca,842837.25
68143,Nuengnara,Teeramahanon,23savage,th,841580.26
12784,Tue Soon,Chuan,Ah-fu,my,840619.35
9693,Clément,Desplanches,Clem,fr,832707.39
51611,Dmitri,Van de Vrie,Mitr0,nl,830344.81
17877,Jamie,Craven,Insight,gb,830182.26
2574,Danil,Ishutin,Dendi,ua,828082.53
47449,Dmitrii,Dorokhin,DM,ru,827118.14
90009,Tao,Wang,JiuKu,cn,825805.95
12146,Doo-young,Kim,DuBu,kr,823849.65
90541,Stanislav,Potorak,Malr1ne,ru,819562.93
28954,Jae Hyuk,Park,Ruler,kr,815773.29
20813,Aleksi,Virolainen,Aleksib,fi,815491.03
3882,Ladislav,Kovács,GuardiaN,sk,812938.18
99596,Ivan,Moskalenko,Pure,ru,811793.47
3831,Seong Ung,Bae,Bengi,kr,810882.84
4603,Dominique,Mclean,SonicFox,us,809747.54
15015,Riccardo,Romiti,Reynor,it,804459.73
3160,Fan,Bai,rOtK,cn,800232.07
2268,Shin Hyung,Lee,INnoVation,kr,799192.66
16270,Leonid,Vishnyakov,Chopper,ru,798351.78
10630,Tarik,Celik,tarik,us,797339.21
1511,Danylo,Teslenko,Zeus,ua,792585.87
62951,Diego,Lima,Arkhram,us,791861.68
111288,Anders,Vejrgang,Vejrgang,dk,790987.09
1183,Tony,Campbell,Lethul,us,790771.25
67272,Stephane,Lebleu,Shaiiko,fr,788541.49
1072,Jae Ho,Jang,Moon,kr,782559.43
10925,Yong In,Jo,CoreJJ,kr,782465.36
61243,Benjy David,Fish,BenjyFishy,gb,782337.52
97155,Bozhidar,Bozhilov,bzm,bg,781289.30
30665,Zhiyi,Jin,flyfly,cn,780184.65
70620,Tao,Jiang,Adou,cn,780182.01
15792,Wang Ho,Han,Peanut,kr,771351.93
48798,Lotan,Giladi,Spinx,il,764518.33
1490,Patrik,Lindberg,f0rest,se,763991.04
1485,Filip,Kubski,neo,pl,762311.73
15924,Matthew,Tinsley,Kismet,us,761958.33
36619,Brandon,Otell,Dashy,ca,760147.99
35077,Dzhami,Ali,Jame,ru,757651.06
70149,Ilya,Osipov,m0NESY,ru,757217.61
76888,Umut,Gültekin,Umut,de,756907.63
62624,Moussa,Faour,Chapix,se,755193.13
72819,Boris,Vorobiev,magixx,ru,749501.66
70611,Cong,Zhang,WuMing,cn,748209.82
3289,Kenny,Schrub,kennyS,fr,746091.36
1484,Wiktor,Wojtas,TaZ,pl,745799.02
13964,Benjamin,Bance,Bance,gb,745429.94
89953,Jiapeng,Lu,Peng,cn,743932.92
89955,Zhou,Du,Qfeng,cn,741420.61
3167,Hock Chuan,Wong,ChuaN,my,741416.26
80699,Henrik,Mclean,Hen,gb,741165.84
90013,Junlan,Peng,Mlan,cn,737307.43
82926,Paco,Rusiewiez,HyDra,fr,736550.69
95067,Xiangyu,Xu,JinYu,cn,735796.59
103943,Jiajun,Xu,qc,cn,734838.74
77959,Shujie,Feng,Suk,cn,731279.15
64440,Cesar,Bueno,Skyz,us,730775.00
62314,Theo,Ferrer,Crue,se,728500.00
2224,Tae Yang,Jun,TY,kr,727444.42
38673,Mossad,Aldossary,MSdossary7,sa,724097.02
4738,Arif,Anwar,MSS,us,723577.98
55842,Adrián,Dobles,Wisper,bo,721947.87
89956,Qingyou,Fang,Byshow,cn,721929.21
1510,Ioann,Sukharev,Edward,ua,721618.24
49426,Yi,Zhou,Emo,cn,721235.90
50421,Kyle,Jackson,Mongraal,gb,720629.23
89842,Yinan,Chen,MMing,cn,720366.12
44128,Jiahan,Xiong,pyw,cn,717764.82
43114,Rasmus,Beck,sjuush,dk,714313.09
3702,Jordan,Kaplan,JKap,us,714188.81
51619,Aydan,Conrad,Aydan,us,711936.69
12466,Rasmus,Borregaard Winther,Caps,dk,709619.84
42936,Scofield leches,Gomez,Scofield,pe,707423.07
10718,Xinzhou,Liu,garder,cn,705536.20
3141,Jonathan,Berg,Loda,se,705204.72
69507,Hee Joo,Na,Inonix,kr,703435.17
38125,Turner,Tenney,Tfue,us,702825.01
10485,Justin,Savage,jks,au,702351.43
80851,Matvey,Vasyunin,MieRo,ru,702151.60
1505,Young Ho,Lee,Flash,kr,700820.76
52108,Indervir,Dhaliwal,iLLeY,ca,696553.33
29711,Ethan,Arnold,Ethan,us,693647.05
20235,Kevin,Smith,Eco,us,693275.00
11868,Zezhi,Chen,Xz,cn,692327.42
71444,Abdullah,Akhras,Acorn,ca,691577.39
4674,Sung Wook,Joo,Zest,kr,690082.59
24832,David,Čerňanský,frozen,sk,689231.99
70222,Rhye,Perry,Zer0,au,688927.23
89954,Tingpu,Yang,GAI,cn,688016.28
2762,Eon Yeong,Jung,Impact,kr,686649.73
36550,Armel Paul,Tabios,Armel,ph,684905.69
115052,Qinglong,Zeng,QiaoXi,cn,684334.96
49036,Sergey,Rykhtorov,Ax1Le,ru,683496.95
30686,Yi,Pan,Fade,cn,680524.49
26896,Braedon,Boettcher,StelluR,us,678675.00
69523,Run,Ma,Beizhai,cn,678414.22
3724,Jerry,Lundqvist,EGM,se,677630.08
89892,Kuan,Zhou,QianShi,cn,677281.37
47792,Shahar,Shushan,flameZ,il,676568.06
10244,Pengfei,Zheng,Even,cn,676528.10
14768,Ivan,Kapustin,ubah,ru,676467.77
55162,Jonáš,Volek,SabeRLight-,cz,676227.57
5034,Casper,Møller,cadiaN,dk,675748.01
89899,Jiajie,Tang,XiaoYing,cn,673819.31
46805,Donovan,Hunt,TekKz,gb,672494.80
91155,Andrej,Piratov,merstachhh,lv,671181.79
48581,Vladislav,Gorshkov,nafany,ru,669061.73
95073,Yutao,Wu,HuaJuan,cn,668908.67
1042,Joon,Park,Lyn,kr,668434.36
2272,Yoo Jin,Kim,sOs,kr,665449.84
52436,Jordan,Wolfe,Reps,us,665059.65
51936,Timothy,Miller,Bizzle,us,664776.39
6013,Eui Jin,Song,Rookie,kr,664528.80
68957,Nikola,Krudulj,TruleX,rs,664267.00
2576,Oleksandr,Dashkevych,XBOCT,ua,663158.09
3042,Joon Ho,Kim,herO,kr,660347.49
46952,Loïc,Chongthep,BriD,fr,660125.67
91075,Peter,Kata,PeterBot,us,658724.17
104475,Ye,Zhang,Zy,cn,657282.25
50164,Matt,Smith,Kickstart,us,655509.19
12663,Ye,Tian,Meiko,cn,653537.31
15754,Jiwei,Huang,Shiki,cn,653514.33
23188,Tommy,Le,Taiga,no,651478.86
50319,Min Ki,Park,Viol2t,kr,651349.29
96385,Danil,Kryshkovets,donk,ru,649619.60
3140,Joakim,Akterhall,Akke,se,648738.70
39166,Seung Lok,Kang,TheShy,kr,647773.33
16031,Tsunehiro,Kanamori,Gachikun,jp,646084.53
3481,Yoon Su,Eu,soO,kr,645423.06
69520,Haoming,Chen,Ming,cn,645125.12
49387,Hector Antonio,Rodriguez,K1,pe,642841.68
34750,Qian,Zhang,ZQ,cn,642838.77
41398,René,Madsen,TeSeS,dk,641390.92
73319,Austin,Scherff,M1ME,us,641320.19
88011,Nanjiang,Li,Nannnnn,cn,641141.60
49530,Massimo,Franceschi,Atomic,us,640852.05
4311,Will,Wierzba,Rush,us,640176.87
62655,Leon,Khim,Khanada,us,640124.67
3799,Thomas,Trewren,Tommey,gb,640049.28
3523,Henrik,Ahnberg,AdmiralBulldog,se,638187.73
2236,Dae Yeob,Kim,Stats,kr,637665.08
57463,Klaus,Konstanzer,stompy,at,634421.94
1017,Hyun Woo,Byun,ByuN,kr,634266.17
117421,Cooper,Smith,Cooper,us,634205.00
43849,Tae Min,Kang,Taemin,kr,632268.84
95062,Keqin,Wang,XingHen,cn,631460.45
19967,Yawar,Hassan,YawaR,pk,630136.60
3657,Min Soo,Kang,Solar,kr,629945.00
10736,Markus,Kjærbye,Kjaerbye,dk,626896.93
1492,Christopher,Alesund,GeT_RiGhT,se,626471.76
83818,Alexander,Schlik,Vadeal,de,625695.30
95064,Kang,Ye,BuRan,cn,625517.83
71468,Pinyan,Zhou,ZpYan1,cn,625229.63
1488,Jarosław,Jarząbkowski,pashaBiceps,pl,625065.15
102847,Ziwei,Li,Yisheng,cn,624112.52
33679,Martin,Lund,stavn,dk,623037.63
31871,Preston,Sanderson,Prestinni,us,622473.43
34363,Liuyi,Wang,Baolan,cn,619658.35
61776,Ben,Peterson,Edgey,us,616688.15
4885,Yong Min,Kim,Febby,kr,616244.35
104494,Jiawei,Yang,Jwei,cn,615697.77
1705,Hajime,Taniguchi,Tokido,jp,613805.68
39608,Aleksei,Golubev,Qikert,kz,613616.63
12812,Dillon,Price,Attach,us,612273.35
52441,Jean Pierre,Gonzales,Chris Luck,pe,611364.54
76886,Paulo,Henrique Chaves,PHzin,br,610235.02
109867,-,-,Mugi,jp,608918.88
3951,Christiaan,de Jong,chrisJ,nl,608724.32
128772,Xiaojun,Shuang,GuiQi,cn,607392.87
89890,Tengfei,Ma,ShenRen,cn,606346.53
5290,Bryan,Zhelyazkov,Apathy,us,605618.93
10074,Yongzheng,He,Inflame,cn,601854.15
37699,Ding,Zhuo,Knight,cn,599936.39
2597,Feichi,Luo,Ferrari_430,cn,597877.06
102883,Longhui,Jiang,FengJie,cn,597404.53
37663,Ludvig,Brolin,Brollan,se,597025.84
28734,Zhenning,Gao,Ning,cn,596966.58
4883,Noah,Pyo,MP,kr,592676.77
99306,Yanwen,Wang,HS,cn,592619.22
17616,Steven,Vargas,StingeR,pe,592510.78
4888,Sunyeob,Kim,QO,kr,591322.79
104813,Joshua,Butler,Cold,us,590175.00
13134,İsmailсan,Dörtkardeş,XANTARES,tr,590060.93
3818,Alex,Sunderhaft,Neeb,us,589720.96
81612,Landon,Konerman,BeastMode,us,589424.35
56731,Jiahao,Bai,369,cn,588115.40
91606,Enzo,Grondein,Seikoo,fr,587530.18
3641,Chong Xin,Khoo,Ohaiyo,my,586016.52
8924,Luka,Perković,PerkZ,hr,585736.60
53843,Yanis,Champenois,Alpha54,fr,585503.21
32223,Jacob,Knapman,JKnaps,ca,585413.45
53086,Cameron,McKilligan,Cammy,gb,584150.00
40347,Reed,Wilen,Chicago,us,583690.38
4997,Paweł,Bieliński,byali,pl,583489.51
2271,Doh Woo,Kim,Classic,kr,582687.26
145864,Jiajun,Meng,DaShuai,cn,582651.76
28735,Senming,Shi,Ming,cn,582384.84
60418,Shengqqin,Xia,Hurt,cn,581507.86
7517,Thijs,Molendijk,Thijs,nl,579189.66
49361,Rafli Fathur,Rahman,Mikoto,id,577522.71
11154,Hau-Hsuan,Hung,Karsa,tw,575459.59
51534,Jae Won,Lee,LIP,kr,573689.79
92743,Myroslav,Plakhotia,zont1x,ua,572263.47
40261,Nam Joo,Kwon,Striker,kr,571305.19
54498,Worawit,Mekchai,Q,th,567507.34
13394,Zhiyong,Wang,old chicken,cn,567040.77
57481,Amer,Zulbeari,Pred,au,566830.00
57614,Daniel,Walsh,Dubs,us,566279.99
89909,Yitao,Zhou,QianC,cn,563959.13
3293,Cédric,Guipouy,RpK,fr,562227.09
56863,Nathan,Berquignol,Nayte,fr,560308.75
9830,Linus,Blomdin,Limmp,se,559619.65
18904,Sun Gu,Kang,Blank,kr,559518.75
33340,Jonathan,Willette,Renegade,us,558875.00
3710,Johnathan,Perez,John,us,555499.59
4038,Zihao,Jian,Uzi,cn,553869.60
2749,Chan Yong,Kang,Ambition,kr,553454.41
40798,Timofey,Yakushin,interz,ru,553226.34
89081,Yan,Nolasco,yanxnz,br,552795.75
89908,Xinzhen,Xu,JiuWei,cn,551072.59
51379,Aleksandr,Batulin,BatulinS,ru,550577.43
31966,Kim,Villafuerte Santos,Gabbi,ph,550385.15
30865,Will,Merriman,mezii,gb,550135.95
2440,Richard,Landström,Xizt,se,549513.99
3830,Se Hyeong,Cho,Mata,kr,549295.45
41926,Saul Leonardo,Mena Segundo,MenaRD,do,548812.57
76230,Min Seok,Ryu,Keria,kr,546893.12
15807,Boon Seng,Kam,Moon,my,546264.32
27359,Garrett,Gordon,GarrettG,us,545571.69
99980,Evan,Verhulst,Verhulst,us,544299.99
60239,Hongcheng,Guo,Xm,cn,543873.58
46828,Myeong Hwan,Yoo,smurf,kr,541784.30
1203,Eric,Wrona,Snip3down,us,541601.84
4893,Sang-don,Lee,Forev,kr,541537.11
110315,Manuel,Bachoore,ManuBachoore,nl,541194.35
65775,Soo-hoon,Lim,Ulsan,kr,538341.48
1589,Taek Yong,Kim,Bisu,kr,537913.56
1000,Min Chul,Jang,MC,kr,537732.41
18811,Kristian,Wienecke,k0nfig,dk,536247.85
12230,Simon,Haag,Handsken,se,535999.60
14182,Rhys,Price,Rated,gb,535931.89
34191,Alexandre,Courant,Kaydop,fr,535902.69
61171,Martin,Foss,MrSavage,no,534730.90
3843,Hyuk Kyu,Kim,Deft,kr,533702.27
80422,Noyan,Ozkose,Genburten,au,533431.79
11483,Peter,Jarguz,stanislaw,ca,533420.72
104665,-,-,Chico,ba,532651.14
67979,Kirill,Lukyanov,Lu,ru,528456.18
90462,Tao,Li,Aze,cn,528374.39
14874,Lamar,Abedi,Accuracy,us,528328.00
33471,Victor,Woodley,Punk,us,527996.61
55316,Chuan,Yu,Summer,cn,527411.90
62105,Cody,Conrod,Clix,us,526675.29
60414,Zhishun,Cao,JiuCheng,cn,524628.69
81271,Lennard,Sill,rezon ay,de,524185.90
35884,Troy,Jaroslawski,Canadian,ca,523861.90
1179,Ian,Wyatt,Enable,us,522597.12
27839,Zane,Hearon,Deadzone,us,520400.00
45708,Bryan,Tebessi,Elemzje,fr,519392.44
4584,Marcin,Jankowski,Jankos,pl,519257.63
24979,Ye Chan,Lee,Scout,kr,517926.83
48945,Evgeniy,Lebedev,FL1T,ru,516944.39
63746,Brendan,Falconer,Falconer,us,516750.00
3386,Kai,Ming,ClearLove,cn,516407.61
83029,Daniel,Piecenski,Daniel,us,516186.71
52321,Anthony,Colandro,ZexRow,us,516084.73
89893,Runzhi,Chen,ShiJiu,cn,515841.57
9657,Yueqiang,Dai,18,cn,515649.74
77962,Hongsen,Zhong,33Svan,cn,513845.72
88735,Finlay,Ferguson,rise.,gb,513166.54
69517,Ronghua,Zeng,coolboy,cn,513159.42
25245,Xingwei,Zhou,DBQ,cn,513015.12
3952,Johannes,Wodarz,tabseN,de,512247.98
49531,Jason,Corral,Firstkiller,us,511492.05
41291,Olivier,Vandroux,Renshiro,fr,510989.39
61277,Josh,Roach,Commandment,us,510923.99
2230,Min Chul,Kim,Soulkey,kr,510558.67
28337,Raphael,Peltzer,BunnyHoppor,de,508531.23
67976,Dmytrii,Dubenyuk,Perfect1ks,ua,507794.18
91660,Woo Je,Choi,Zeus,kr,505261.89
47086,Justin,Morales,jstn.,us,505045.30
35378,Timur,Tulepov,Buster,kz,504561.82
41414,Qingsong,Liu,Crisp,cn,504245.66
89910,Xiaolong,Li,BingC,cn,503448.04
1340,Xu Wen,Wang,Infi,cn,503347.00
12859,Jonas,Olofsson,Lekr0,se,503203.29
11132,Wei-Lin,Chen,tom60229,tw,502777.87
78875,Gustavo,Herdina,Herdsz,br,502457.50
19595,Özgür,Eker,woxic,tr,502274.45
96366,João,Vitor,Jv92,br,500502.59
46740,Ivan,Mihai,iM,ro,500407.34
105839,Diego,Zanello,Kheyze,br,500249.17
22211,Samson,Hidalgo,SamH,ph,500185.83
1157,Shane,Hendrixson,rapha,us,499346.68
42893,Eui Seok,Lee,Fearless,kr,499150.22
83598,Hyeon Joon,Moon,Oner,kr,498158.99
76222,John,Håkansson,hAKIS,se,497953.51
36750,Mariano,Arruda,SquishyMuffinz,ca,496965.62
4635,Zhuojun,Zeng,Xiao Hai,cn,496886.56
79926,Andrew,Diaz,Biffle,us,496658.33
3889,Vincent,Schopenhauer,Happy,fr,496543.30
61242,Maciej,Radzio,teeq,pl,496421.43
57610,Evan,Barron,Cented,ca,496009.79
56456,Min Hyeong,Lee,Gumayusi,kr,495721.40
41044,Tianliang,Gao,Tian,cn,495638.17
22335,Nemanja,Isaković,nexa,rs,495521.37
21940,Avery,Silverman,SVG,us,494852.80
9656,Zhe,Ma,MZiN,cn,494444.77
79185,Felipe,De Lucia,FelipoX,br,493264.04
37953,Mareks,Gaļinskis,YEKINDAR,lv,492889.57
45853,Jim Gunnar,Eliassen,Jeemzz,no,492471.67
43808,Anssi,Pekkonen,mxey,fi,491755.74
77961,Chunjian,Wu,Hasaki,cn,490968.83
52428,Nate,Hill,Nate Hill,us,490816.61
21291,Fredrik,Sterner,REZ,se,489303.69
110335,Wesley,Gittens,Wesley,us,488875.00
14599,Seong Jin,Lee,CuVee,kr,488379.08
17226,Júlio,Giacomelli,julio,br,488009.02
72658,Zebin,Chen,bin,cn,487291.18
30347,Guanhong,Chen,Victoria,cn,486768.64
122825,-,-,Pollo,mx,485625.00
78548,Vladislav,Semenov,Kataomi`,ru,485561.20
1288,Dmitry,Kostin,Happy,ru,485334.87
35589,Joe,Taylor,Trippy,us,485250.00
91605,Axel,Touret,Vatira,fr,484985.74
7999,Doh Wook,Kim,Cure,kr,484530.40
12186,Min Ho,Lee,Crown,kr,484213.89
51381,Artem,Adarkin,xmpL,ru,483818.10
12578,Akbar,Butaev,SoNNeikO,uz,482976.85
1132,Lee Sak,Won,PartinG,kr,482268.18
3705,Patrick,Price,Aches,us,482231.76
89301,Jiacheng,Mi,ChengC,cn,481974.98
61233,Alexandre,Christophe,Andilex,fr,478787.44
69075,Justinas,Lekavicius,jL,lt,477918.56
89766,Qi,Zheng,Xxiao,cn,476231.84
11698,Shiyu,Liu,Mlxg,cn,475990.65
11938,Timothy,Ta,autimatic,us,475963.49
1429,Seung Hyun,Lee,Life,kr,475900.67
36605,Tommy,Wilson,Lucid,us,475475.00
3642,Michael,Ross,ninjaboogie,ph,475429.22
41289,Emilio,Leynez,Geometrics,mx,475400.00
71099,Yajun,Yu,皮球,cn,474338.58
93107,Thomas,Ernst,Scrappy,us,474200.00
101789,Matías,Bonanno,Matias,ar,473824.97
19597,Peinan,Li,Oliveira,cn,473207.85
53098,Michael,Szymaniak,MajorManiak,us,473062.49
59915,Geon Bu,Kim,Canyon,kr,472839.49
73513,Gi Yeol,Cho,Seoul,kr,472659.13
95113,Zhichao,Lin,33z,cn,472547.39
2280,Sasha,Hostyn,Scarlett,ca,472111.32
60412,Jun,Yuan,NingZhi,cn,471572.03
104500,Hongqi,Song,Baby,cn,469907.03
3752,Tyler,Latham,Skadoodle,us,469150.02
81096,Benjamin,Rosendahl,Almxnd,us,468970.73
28556,Maikil,Selim,Golden,se,468460.98
60682,Alexandre,Paoli,Extra,fr,468280.02
82206,Mohammed,Alotaibi,trk511,sa,468063.57
1185,Bradley,Laws,APG,us,467925.00
50883,Jin Soo,Park,Jinsoo,kr,467754.94
13608,Feng,Gao,Bean,cn,466997.59
88008,Shengjun,Luo,LilGhost,cn,466350.93
99088,Je hyeon,Woo,Salute,kr,465334.84
19968,Won Ho,Jeong,KyoCha,kr,465268.99
1175,Juan Carlos,Lopez,SpeCial,mx,464829.08
49822,Dennis,Lepore,Cloakzy,us,464666.66
51579,Noah,Wright,Vivid,us,464141.67
89900,Tian,Tang,Ice,cn,463651.48
79686,Artem,Golubiev,Yuragi,ua,462972.29
18570,Jung Hyeog,Lee,sake,kr,462790.78
101081,Tianyu,Zhang,天宇,cn,461088.60
3554,Martin,Larsson,Rekkles,se,460380.52
101080,Jinshan,Liu,领域,cn,460051.37
83277,Sebastian,Kjaer,Trippernn,dk,459331.62
16336,Enzo,Gianoli O'Connor,Timado,pe,458874.85
15718,Jae Won,Lee,Rich,kr,458795.42
1139,Johnathan,Wendel,Fatal1ty,us,458739.23
75839,Levon,Aronian,LevonAronian,am,458030.43
2462,Marco,Pfeiffer,Snappi,dk,457316.54
71283,Brice,Bigeard,ExoTiiK,fr,456906.49
74084,Atif,Ijaz Butt,Atif Butt,pk,455924.70
13644,Nikolay,Nikolov,Nikobaby,bg,455262.28
77130,Chirasak,Moonsarn,Joena,th,454965.47
77550,Daunte,Gray,Sib,us,454450.00
99089,Lin,Yu,SuJiu,cn,453922.59
3918,Juan,Debiedma,Hungrybox,us,453715.00
1003,Sung Hoon,Choi,Polt,kr,451943.24
38120,Jordan,Thomas,HusKerrs,us,451558.81
41742,Gustavo,Rigal,Psycho,br,449921.91
77392,Théo,Mariano,LikEfac,fr,447708.08
3676,Dauren,Kystaubayev,AdreN,kz,446899.30
35813,Rasmus,Nielsen,HooXi,dk,446390.92
78491,Reiji,Maeda,Reiji,jp,446188.09
7723,Nicholas,Di Costanzo,Classic,us,445574.00
103232,Zhiwei,Ye,YZZ,cn,444729.40
6366,Audric,Jug,JaCkz,fr,444464.17
51540,Joon,Kwon,Fielder,kr,444459.34
3327,Glib,Lipatnikov,Funn1k,ua,443534.74
3166,Cen,Jiang,YYF,cn,443462.66
52140,Caden,Pellegrin,Sypical,us,442646.72
60413,Junlong,Kang,JiuLong,cn,442411.10
126553,João,Vasconcelos,jafonsogv,pt,442063.43
72592,Yaroslav,Kuvichko,spyrro,ua,441617.18
31009,Pierre,Silfver,Turbopolsa,se,441410.05
52206,André,Oliveira,nesk,br,441406.32
4509,Won Seok,Heo,PawN,kr,440960.12
40041,Chris,Sexton,Sweetdreams,us,440949.78
83395,Zachariah,Siddall,Pinq,gb,440376.16
95118,Yang,Zhang,YuYang,cn,439802.84
145863,Zhanpeng,Chen,HuShen,cn,439002.95
30622,Cvetelin,Nikolov,CeRq,bg,438764.00
61050,Jason,Doty,Beaulo,us,438285.00
1524,Jae-min,Bae,Knee,kr,438204.33
2450,Aleksi,Jalli,allu,fi,437977.97
37493,Byung Seon,Kim,Fleta,kr,437819.27
28489,Vincent,Cayonte,Brehze,us,437362.77
10470,Martin,Hansen,Wunder,dk,437155.62
2603,Sergey,Bragin,G,ru,437118.31
2456,Lincoln,Lau,fnx,br,433315.18
3287,Adam,Friberg,friberg,se,432819.53
14174,Thomas,Haly,TJHaly,us,431496.92
43862,David,Tillberg,fuzzface,se,431329.25
17238,Nico,Barcelon,Eyyou,ph,430272.94
95103,Guochuan,You,FlowerC,cn,429808.99
89288,Zixuan,Chen,Z9,cn,429790.92
11933,Mihael,Mehle,Mikyx,si,428687.23
75848,Ian,Nepomniachtchi,lachesisQ,ru,428539.03
81685,Igor,Zhdanov,w0nderful,ua,428455.03
10728,Pu,Yang,NeverEnd,cn,426681.98
21239,Gabriel,Fernandes,pino,br,426231.47
12179,Ricardo,Prass,boltz,br,425991.50
11221,Zhen,Wei,GodV,cn,425902.46
89312,Yuya,Nishikawa,Duelo,jp,423959.19
94721,-,-,Tensai,jp,423833.34
35121,Matthew,DeLisi,super,us,423599.69
4996,Renè,Borg,cajunb,dk,423344.80
70813,Jin Hyeok,Seo,Kanavi,kr,422850.76
1863,Paul,Boyer,sOAZ,fr,422314.88
56891,Joshua K,Rogers,Joshua Rogers,au,422139.99
1002,Jong Hyun,Jung,Mvp,kr,419621.15
66745,Murilo,Muzi,Muzi,br,418875.30
130303,Peyton,Tuma,Dez,us,418500.00
35563,Grant,Espe,Moth,us,418250.63
36201,Victor,Locquet,Fairy Peak!,fr,418034.90
43816,Ludvik Greger,Jahnsen,Aitzy,no,417991.72
49559,Duong,Huynh,Kinstaar,ch,417441.68
1007,Sung Won,Moon,MMA,kr,417169.17
36883,Hyo Bin,Choi,ChoiHyoBin,kr,417109.58
66807,Sergey,Pomerantsev,KITSUNE,ru,417080.96
12173,João,Vasconcellos,felps,br,415574.55
44956,Ádám,Torzsás,torzsi,hu,415551.22
51473,Ji Hoon,Jeong,Chovy,kr,415484.67
5472,Tomáš,Šťastný,oskar,cz,415090.87
45806,Luccas,Molina,Paluh,br,414508.26
61769,Noam,Ackenine,Megga,us,413738.32
39426,Farith,Puente,Matthew,pe,411682.26
55716,Tae Min,Choi,MER1T,kr,410873.38
3435,Sung Ho,Cho,Trap,kr,409745.58
103895,-,-,negima,jp,409517.18
55914,Jake,Grannan,Virtue,au,409420.90
57617,River,Handley,Riversan,us,409266.67
12243,Ørjan,Larsen,TheViper,no,409095.89
17622,Francois,Delaunay,Amanek,fr,408619.73
88199,Ander,Tobal,Neat,es,408545.17
76174,Alireza,Firouzja,Firouzja2003,ir,408468.09
8651,Zdravets,Galabov,Hylissang,bg,408311.14
101075,Jiantao,Song,DaoShi,cn,407738.60
40247,Juhani,Toivonen,Kantoraketti,fi,407396.56
43152,Jonathan Bryle,Santos De Guia,Bryle,ca,407027.65
32828,Yuri,Santos,yuurih,br,406625.42
46968,Artur,Ipatov,ShepparD,ru,406232.47
46969,Danil,Gabov,JoyStiCK,ru,406061.04
90600,Tao,Liu,Yuese,cn,405771.78
66746,Alec,Fultz,Fultz,us,405600.00
3605,Du Cong,Dang,NuckleDu,us,405246.72
27588,Gabriël,Rau,Bwipo,be,404878.32
16759,Spencer,Ealing,HugeGorilla,gb,404021.96
41209,Geon Hee,Cho,BeryL,kr,403857.83
47080,Kenta,Sato,glory,jp,403446.00
9565,Alexandre,Pianaro,bodyy,fr,403033.82
47762,Kaike,Cerato,kscerato,br,402938.18
17801,Valdemar,Vangså,Valde,dk,402880.86
128802,Guipeng,Li,KongJue,cn,402199.13
107460,-,-,Title,jp,402162.00
61176,Arslan,Siddique,Arslan Ash,pk,402131.90
1402,Xiang,Huang,TH000,cn,401927.69
61631,Edy,Juan,Newbz,us,401185.51
4143,Josiah,Berry,Slacked,us,401114.40
101079,Jinxiang,Zeng,顾居居,cn,401018.73
16021,Tae Sang,Kim,doinb,kr,400844.18
59916,Su,Heo,ShowMaker,kr,400600.01
8931,Dong Ha,Kim,Khan,kr,400503.04
57599,Mack,Aesoph,MackWood,us,400423.33
131490,Tyler,DeBondt,TwoWayRoco,us,400000.00
1210,Justin,Deese,Pistola,us,399835.00
18268,Trei,Morris,Zer0,gb,399383.73
89607,Alexis,Bernier,zen,fr,398551.53
106881,Taylor-Petrik,Gatschelhofer,Vic0try0na,at,397722.58
5095,Eric,Wright,ProblemWright,us,397700.00
83740,Kamil,Szkaradek,siuhy,pl,397286.55
110314,Emre,Yilmaz,EmreYilmaz,nl,397149.98
89305,Jianhui,Zhang,格子,cn,396805.81
62495,Kirill,Grishin,Kiryache,ru,396243.80
63109,Dorian,Berman,xertioN,il,395943.99
79264,Pyotr,Bolyshev,fame,ru,394238.44
3811,Tobias,Sieber,ShoWTimE,de,393064.08
65444,Gabriel,Vieira,caard,br,392954.18
15806,Adam Erwann Shah,bin Akhtar Hussein,343,my,392825.70
88754,Andrea,Radovanović,Radosin,fr,392657.58
17324,Rodrigo Lelis,Santos,Lelis,br,391360.94
75851,Fabiano,Caruana,FabianoCaruana,us,391349.56
91141,Lucas,Cardenas,Dukez,mx,391053.46
79769,Lucas,Miguel,carrilho,br,391043.13
29627,Kenny,Deo,Xepher,id,390723.24
56885,Frederik,Rasmussen,Frederik Rasmussen,dk,389709.78
69543,Bryan,Wrzek,Merc,us,389616.67
77960,He,Li,Xinhe,cn,389490.59
112692,Felipe Sá,Ferreira,nade,br,389144.93
3430,Ilya,Pevcaev,Illidan,ru,388809.49
42941,Jin Seo,Kim,Shu,kr,388196.41
41740,João,Gomes,Kamikaze,br,388164.31
104322,Bo,Wu,xwudd,cn,388060.88
12582,Tom,Paparratto,ZooMaa,us,387519.60
1581,Byung Goo,Song,Stork,kr,387248.21
29449,Mohammed,Harkous,Mo_aubameyang,de,387072.72
67397,Matthew,Solomon,Achieved,us,387000.00
134341,Kaibo,Yang,DaoZai,cn,386424.85
35525,Andrei,Piovezan,arT,br,386358.16
60415,Qing,Wang,ChenXia,cn,385775.17
67853,Shaohan,Yang,Erika,cn,385683.53
122816,Naltakyan Edgar,Armenovich,9Class,ru,385450.17
8706,Nicolaj,Jensen,Jensen,dk,385416.68
53108,Jaime,Ramos,Cyber,br,384651.91
5433,Martin,Styk,STYKO,sk,384019.67
89287,Youquan,Zhang,QingChen,cn,383904.54
96977,Andre,Türk,unlucky,at,383847.78
11721,Alexander,Kucheria,DkPhobos,ua,383575.32
4884,Tae Won,Park,March,kr,383210.97
6132,Jesper,Svenningsen,Zven,dk,381307.39
77117,Piyapon,Boonchuay,TheCruz,th,381210.28
2935,Hyun Je,Byun,mini,kr,381200.65
79122,Christian,Savina,Pakazs,pe,380705.20
89928,Boyuan,Jiang,Msir,cn,380600.97
45419,Qi,Zeng,Yagao,cn,380467.01
44388,Illias,Ganeev,illias,ru,380074.42
60427,Chuankai,Tao,Chuchen,cn,379640.68
44147,Do Hyeon,Park,Viper,kr,379382.13
3041,Yoon Jong,Jung,Rain,kr,379135.65
3998,Fabien,Fiey,KIOSHIMA,fr,379045.59
28343,Peng,Ou,Op,cn,378326.22
1800,Myung Woon,Kim,ZerO,kr,377898.04
4587,Denis,Kostin,seized,ru,377628.99
4031,Tianyu,Chen,Cty,cn,377526.26
95094,Quanjun,Wan,SuKi,cn,377272.16
75844,Anish,Giri,AnishGiri,nl,376889.15
1227,Artur,Bloch,Nerchio,pl,376554.08
35905,Dylan,Bosco,Bosco,us,376083.33
1801,Jae Yoon,Ma,sAviOr,kr,376082.44
111045,Jinwei,Chen,577,cn,376062.39
70234,Amine,Benayachi,Itachi,ma,375786.58
62600,Paulo,Damo da Rosa,PVDDR,br,375500.00
85333,Levi,de Weerd,Levi de Weerd,nl,375382.94
101014,Yuxin,Ma,YMao,cn,375233.81
14824,Nikolay,Bityukov,Mir,ru,375089.30
1257,Jens,Aasgaard,Snute,no,375038.71
3176,Jong In,Kim,PraY,kr,374943.56
37636,Joon Yeong,Park,Profit,kr,374144.66
40250,Niclas,Mouritzen,Pengu,dk,374107.39
79181,Karl,Zarth,Alem4o,br,373284.30
2494,Dennis,Edman,dennis,se,373282.24
89295,Tao,Luo,Bamboo,cn,373064.10
66808,Vitalii,Shulga,matic,ru,372639.71
108069,Qigui,Xiao,Li,cn,372315.37
84066,Aidan,Bernero,Ajerss,us,371522.51
55525,Zixuan,Zuo,Aixleft,cn,371037.68
1177,Aaron,Elam,Ace,us,371037.50
50325,Min Chul,Kim,Izayaki,kr,370914.62
45830,Wataru,Ishibashi,posesi,jp,370815.00
57281,Hyeon-Seok,Han,ChiYo,kr,370727.57
55703,Jae Gon,Lee,LeeJaeGon,kr,370390.41
3096,Andrii,Bondarenko,alwayswannafly,ua,370041.45
95139,Saleh,Bakhashwin,Rw9,sa,369949.44
61473,Paulo,Neto,Paulo Neto,br,369560.06
101011,Wenjie,Cao,阿杰,cn,369391.53
44436,Victor,Orudzhev,sdy,ua,369055.25
39528,Jose Leonardo,Padilla Hernandez,Panda,pe,366855.46
13882,Junze,Yan,Letme,cn,366745.59
75090,Purin,Rongkhankaew,Stoned,th,366303.10
3459,Maximilian,Broecker,qojqva,de,365940.08
51618,Malachi,Greiner,Reverse2k,us,365581.92
83602,Ethan,Pink,Fifakill,gb,364739.09
49653,Nathanial,Duvall,Rampy,us,364593.33
2575,Ivan,Antonov,ArtStyle,ua,364570.71
65538,Yu Min,Sung,CH0R0NG,kr,364160.23
32564,Billy,Putnam,MentaL,us,364051.67
44131,Benjamin,Bremer,blameF,dk,363836.08
1140,Manuel,Schenkhuizen,Grubby,nl,363571.93
95079,Kaifeng,Zhang,HuaYun,cn,361940.72
25296,Hamzah,El-Baher,Hera,ca,361713.01
82367,Makenzie,Kelley,Mack,us,361500.00
71501,Andrey,Kuropatkin,Dukalis,ru,360316.73
116486,Miron,Novikov,Effect,ru,360250.00
18568,Jin Woo,Im,Reset,kr,360243.52
49926,Ryan,Chaplo,Chap,us,360066.67
1057,Soo Ho,Park,DongRaeGu,kr,359737.09
91176,Gleb,Zyryanov,kiyotaka,ru,358999.36
49925,Jake,Brumleve,Poach,us,358933.33
47289,David,Danielyan,n0rb3r7,ru,357939.40
73049,Dylan,Short,Roth,us,357834.53
51648,Austin,Aebi,AYYJAYY,us,357825.95
14665,Seung Hoon,Heo,Huni,kr,357699.25
3518,Gabriel,Segat,HeRoMaRinE,de,357634.70
101182,Adam,Gray,Bound,us,357400.00
2057,Jae Ho,Lee,Light,kr,356809.06
101103,Supachai,Singkaew,SchwepXz,th,356335.44
9803,Florian,Rische,syrsoN,de,356304.37
40107,Jun Woo,Kang,Void,kr,356076.68
105706,Egor,Luciko,SwizzY,ru,355812.50
78257,Daniil,Gordeev,Tixzy,ru,355363.46
15724,Woon Sung,Kang,Ttsst,kr,354363.98
45855,Jord,van Geldere,Ibiza,nl,353969.63
43566,Amjad,Alshalabi,Angry Bird,ae,353835.71
98386,Yazid,Bakhashwin,Kiileerrz,sa,353731.08
109498,Aleksy,Jabłoński,Japko,pl,353112.50
46659,Bono,Huis,Bono Huis,nl,353101.06
64166,Jakob,Nygaard,Jabbi,dk,353092.08
42890,Young Han,Kim,Sp9rk1e,kr,353088.93
78493,Kouki,Sekigawa,Devine,jp,353085.30
55949,Jack,Cizek,Cizzorz,us,353016.67
9957,John,Salter,BaRRaCCuDDa,us,353006.65
31016,Min Seung,Kang,Haru,kr,352776.52
51536,Tae Hoon,Kim,Edison,kr,352402.69
4634,Shuo-Chieh,Hu,SwordArt,tw,352298.16
39487,Casper,Notto,Hunterace,no,352116.26
13554,Qilun,Xiao,XqLuN,cn,351641.24
33264,Nils,Gruhne,k1to,de,351469.90
3673,Mathias,Lauridsen,MSL,dk,351357.64
67338,Oscar Dalgas,Refsgaard,Refsgaard,dk,351318.16
4574,Alexis,Eusebio,MarineLorD,fr,351211.67
2466,Engin,Küpeli,MAJ3R,tr,350614.44
78251,Alexey,Tolov,mequ,ru,350563.46
101004,Biao,Wang,Mix6GG,cn,350465.89
47628,Karl,Baldovino,Karl,ph,349796.67
105769,Ratchanon,Kunrayason,Moshi,th,349386.73
10605,Jung Soo,Kim,Surrender,kr,349001.57
1338,Weiliang,Lu,Fly100%,cn,348697.80
17887,Pavel,Beltiukov,Pavel,ru,348648.00
43492,Paweł,Dycha,dycha,pl,348562.94
100425,-,-,sitetampo,jp,348500.02
49358,Saieful,Ilham,Fbz,id,348063.38
12170,Henrique,Teles,hen1,br,347933.86
49801,Kang,Wang,shou,cn,346860.96
18332,Justin,Fargo-Palmer,SiLLY,us,346638.85
4629,Hyeong Seok,Jang,Looper,kr,346636.78
97526,Roan,Aléssio,Revo,br,346603.13
47803,Pavle,Bošković,Maden,me,346515.56
11418,Mikołaj,Ogonowski,Elazer,pl,346184.65
50329,Seon Chang,Lee,ANS,kr,345667.80
29427,Yuk Cheung,Wong,Chris Wong,hk,345537.33
1064,Byung Jae,Koh,GuMiho,kr,345511.10
60057,Jack,Robertson,Doki,gb,345190.22
50445,Drini,Gjoka,Drini,us,345000.00
63774,Konstantin,Levkin,Mellman,ge,344693.10
3704,Tyler,Polchow,TeePee,us,344453.71
66535,ZhanYa,Tu,Xbei,cn,344079.30
3678,Adil,Benrlitom,ScreaM,be,342674.11
67975,Aleksandr,Pirogov,alyaGG,ru,342518.10
75447,Nolan,Burdick,Shinboi,ca,342382.75
68630,Joseph,Mauro,Ritual,us,341570.83
65116,-,-,Zand,dk,341325.00
65114,Tyler,-,hiimtylerh,ca,341250.00
65115,Stephan,-,Suezhoo,be,341250.00
77295,Lucas,Schinke,soulz1,br,340440.98
33782,Caio,da Silva,caiotg1,br,340338.55
40251,Fabian,Hällsten​,Fabian,se,340115.99
110409,Jonathan,Marquez,Jonbeast,us,340000.00
56887,Sebastian,Job,Sebastian Job,gb,339454.92
9511,Mason,Venne,mason,us,339235.49
91128,Daniel,Henrique vaz,Mafioso,br,339173.13
11897,David,Caero,Dog,us,339090.89
69535,Kento,Suzuki,SaRa,jp,338440.79
5035,Philip,Aistrup Larsen,aizy,dk,337991.67
76789,Ahmad,Abdullah,Ahmad,sa,337858.06
51250,Derek,Ruffin,iDom,us,337762.37
1008,Yoon Yeol,Lee,NaDa,kr,337401.66
105770,Rachata,Saethian,GetHigh,th,337149.84
29787,Brian,Eason,bloodyface,us,336578.00
80705,Nathan,Amundson,Reet,us,336480.78
1853,Peter,Peng,Doublelift,us,336475.81
3959,Tizian,Feldbusch,tiziaN,de,336389.74
65789,Danila,Dontsov,Dan,ru,335465.32
103229,Yuchao,Zhou,Frozen,cn,335423.13
60416,Zhubiao,Long,ZuiChu,cn,335372.09
81613,Jack,Benton,ApparentlyJack,gb,335292.82
56419,Tshaka,Taylor,Arsenal,us,335254.62
73839,Daying,Wei,xxxLu,cn,335194.39
2614,Per Anders,Olsson-Lille,Pajkatt,se,334875.27
37635,Jae Hee,Hong,Gesture,kr,334811.33
69522,Zhiqi,Shu,General,cn,334699.91
29096,Weixiang,Lin,Lwx,cn,334653.16
1494,Mikhail,Stolyarov,Dosia,ru,334535.70
101113,Feng,Zhou,YiQu,cn,334431.35
76030,Pedro,Ribeiro,sparkingg,br,334427.50
68106,Robert,Kyser,comm,us,334157.99
119982,Wenqiang,Wang,Bell,cn,333949.50
97606,Xiaoming,Chi,Ming,cn,333220.11
1025,Dong Nyoung,Lee,Leenock,kr,333082.56
62619,Andrea,Mengucci,Andrea Mengucci,it,332300.00
32565,Gilbert,Rojo,Xplosive,ph,332275.00
49923,Thomas,Mulligan,72hrs,us,332233.33
5499,Miikka,Kemppi,suNny,fi,331580.05
55138,Thomas,Hörak,Tschiiinken,at,331376.94
89913,Rongxin,Yang,XiaoA,cn,331301.61
55839,Morten,Mehmert,Morten,de,331050.00
48306,Brent,Mullany,Poonage,us,330927.25
89291,Haitao,Xiao,Lon9z,cn,330494.02
33555,Frederik,Gyldstrand,acoR,dk,330441.37
101845,Mark,Zakhary,Mark11,au,330391.17
89290,Yang,Liu,OnlyS,cn,330084.71
104303,Youci,Huang,Dd,cn,329996.78
4469,Beom Hyeon,Kang,GorillA,kr,329758.45
48307,Kurtis,Bond,Purdy,us,329700.29
41031,Corbin,Lee,C0M,us,329613.34
82102,Jimi,Salo,Jimpphat,fi,329232.74
90431,Jeong Wan,Ham,SOMEONE,kr,329031.10
17434,Vinicius,Figueiredo,VINI,br,328757.81
4029,Pittner,Armand,bOne7,ro,328744.99
65746,William,Paquin-Brien,Fatch,ca,328495.00
52467,Blaž,Lešnik,K1nzell,si,328247.53
103233,Chenyi,Yao,闪电,cn,327830.08
95114,Xuezhuang,Su,SuNan,cn,327805.55
52105,Evan,Moore,SuperEvan,us,327197.06
68302,Noah,Rey,Noahreyli,ch,327070.24
21418,Yiran,Xu,Six,cn,326950.96
55994,Vinny,Gilgan,Vinny1x,us,326913.80
11479,Rosario,Villardi,JeffHindla,us,326614.31
17158,Adam,Garcia,Assault,us,325927.76
49029,Sanjar,Kuliev,SANJI,uz,325242.42
7789,Oscar,Cañellas Colocho,mixwell,es,325177.35
3513,Seung Bin,Gu,imp,kr,325082.77
32240,Kyle,Storer,torment,us,325021.97
3259,Airat,Gaziev,Silent,ru,324990.29
95104,Yachao,Zhang,pickfeet,cn,324705.39
9955,Andrew,Woodward,Andinster,us,324506.65
107458,Zihao,Gao,A Hao,cn,324405.00
65157,Yangwei,Yan,wei,cn,324276.51
95105,Yunhui,Feng,Beautiful,cn,323998.39
